region_code,year,region_name,country_prefix,primary_income_ppp_pc,disposable_income_ppp_pc,housing_cost_pct_disposable_income,disposable_after_housing_ppp_pc,affordability_score,country_name,macro_region
BE1,2022,Brussels-Capital Region,BE,37193.7,29701.7,27.0,21682.241,101.60569325957987,Belgium,Europe
BE2,2022,Flemish Region,BE,43289.0,35099.3,16.0,29483.412,138.16295630686034,Belgium,Europe
BE3,2022,Walloon Region,BE,34818.3,30342.3,20.0,24273.84,113.75025032108626,Belgium,Europe
CA10,2022,Newfoundland and Labrador,CA,31297.8,30307.2,22.5,23488.08,110.0680806811654,Canada,North America
CA11,2022,Prince Edward Island,CA,30687.2,28979.7,24.9,21763.7547,101.98767665320847,Canada,North America
CA12,2022,Nova Scotia,CA,31555.7,27645.0,25.9,20484.945,95.99501445027587,Canada,North America
CA13,2022,New Brunswick,CA,30034.9,27983.3,24.0,21267.308,99.66126532331269,Canada,North America
CA24,2022,Quebec,CA,35374.2,29137.2,20.7,23105.799600000002,108.27666691256329,Canada,North America
CA35,2022,Ontario,CA,37178.8,31452.0,21.0,24847.08,116.43652465980068,Canada,North America
CA46,2022,Manitoba,CA,31392.6,27606.2,22.7,21339.5926,100.0,Canada,North America
CA47,2022,Saskatchewan,CA,36847.7,33738.0,24.5,25472.19,119.3658683062206,Canada,North America
CA48,2022,Alberta,CA,41506.8,35857.2,22.4,27825.1872,130.3923074895066,Canada,North America
CA59,2022,British Columbia,CA,39594.3,33724.9,28.2,24214.4782,113.47207350153442,Canada,North America
CA60,2022,Yukon,CA,46287.5,41636.4,21.2,32809.4832,153.74934196260148,Canada,North America
CA61,2022,Northwest Territories,CA,49645.1,41553.3,17.9,34115.2593,159.86837208879047,Canada,North America
CA62,2022,Nunavut,CA,31969.7,25797.0,11.1,22933.533,107.46940407850147,Canada,North America
DE1,2022,Baden-Württemberg,DE,50752.1,40076.0,28.0,28854.719999999998,135.21682696041722,Germany,Europe
DE2,2022,Bavaria,DE,54228.6,42096.0,27.9,30351.216000000004,142.22959439253776,Germany,Europe
DE3,2022,Berlin,DE,43788.7,35308.0,27.2,25704.224,120.45320865216517,Germany,Europe
DE4,2022,Brandenburg,DE,38484.9,35219.0,25.1,26379.031,123.61543865649993,Germany,Europe
DE5,2022,Bremen,DE,39777.4,33858.6,30.4,23565.5856,110.43128161687585,Germany,Europe
DE6,2022,Hamburg,DE,53985.5,40197.7,30.1,28098.1923,131.67164353456306,Germany,Europe
DE7,2022,Hesse,DE,48805.1,38515.5,29.6,27114.911999999997,127.06386906374209,Germany,Europe
DE8,2022,Mecklenburg-Vorpommern,DE,35806.8,34767.0,25.7,25831.881,121.0514253210251,Germany,Europe
DE9,2022,Lower Saxony,DE,44082.6,36942.7,28.0,26598.743999999995,124.6450412553799,Germany,Europe
DEA,2022,North Rhine-Westphalia,DE,44592.9,36855.4,28.9,26204.189400000003,122.7961090503668,Germany,Europe
DEB,2022,Rhineland-Palatinate,DE,45253.3,37189.3,28.4,26627.538800000002,124.77997728972579,Germany,Europe
DEC,2022,Saarland,DE,37914.9,33578.9,30.1,23471.651100000003,109.99109280090008,Germany,Europe
DED,2022,Saxony,DE,35335.4,34108.8,23.1,26229.667200000004,122.9155012078347,Germany,Europe
DEE,2022,Saxony-Anhalt,DE,33909.5,33681.5,24.4,25463.214,119.32380564753613,Germany,Europe
DEF,2022,Schleswig-Holstein,DE,46028.5,39022.6,30.1,27276.797400000003,127.82248429616226,Germany,Europe
DEG,2022,Thuringia,DE,35113.2,33948.7,24.2,25733.114599999997,120.58859361729333,Germany,Europe
LV00,2022,Latvia,LV,22409.6,20915.6,12.2,18363.8968,86.05551729230294,Latvia,Europe
ME01,2022,Aguascalientes,ME,5474.6,6223.7,22.81659297999155,4803.663702704266,22.510568935155145,Mexico,North America
ME02,2022,Baja California,ME,7451.1,8106.0,27.68151706857111,5862.136226421625,27.470703571077664,Mexico,North America
ME03,2022,Baja California Sur,ME,7444.7,8377.3,27.122053961857056,6105.204173453349,28.60975037289769,Mexico,North America
ME04,2022,Campeche,ME,3943.9,4654.0,25.8279733290179,3451.9661212675073,16.176345003266405,Mexico,North America
ME05,2022,Coahuila,ME,5796.3,6640.9,23.418421936191304,5085.706017639472,23.832254499739005,Mexico,North America
ME06,2022,Colima,ME,5614.7,6661.8,23.1923474706606,5116.772196199532,23.977834498112827,Mexico,North America
ME07,2022,Chiapas,ME,2478.2,2946.0,22.62978331012242,2279.3265836837936,10.681209460783208,Mexico,North America
ME08,2022,Chihuahua,ME,6281.3,7098.8,23.813608726212237,5408.319543743646,25.344061834355948,Mexico,North America
ME09,2022,Mexico City,ME,6676.5,8050.2,37.63590178832688,5020.43463423611,23.52638463321043,Mexico,North America
ME10,2022,Durango,ME,4068.6,4786.3,21.284390115380376,3767.5652359075493,17.65528192842608,Mexico,North America
ME11,2022,Guanajuato,ME,4200.8,4716.3,24.227797939139688,3573.644365796355,16.74654447618815,Mexico,North America
ME12,2022,Guerrero,ME,2959.9,3496.3,22.613724623969084,2705.6563459721688,12.679044050598081,Mexico,North America
ME13,2022,Hidalgo,ME,3826.9,4376.4,23.635918052377743,3341.99768235574,15.661019144084973,Mexico,North America
ME14,2022,Jalisco,ME,5235.4,5927.2,24.643080116011,4466.5553553637965,20.930837055266917,Mexico,North America
ME15,2022,Mexico,ME,4078.3,4691.3,28.60287473140013,3349.453337725826,15.69595727767467,Mexico,North America
ME16,2022,Michoacan,ME,4153.7,4683.7,23.712056703303112,3573.098400187392,16.743986013057214,Mexico,North America
ME17,2022,Morelos,ME,4189.4,4992.1,25.630136603808257,3712.617950601288,17.39779207688008,Mexico,North America
ME18,2022,Nayarit,ME,4700.1,5455.1,23.110754521735853,4194.3852300847875,19.655413806188538,Mexico,North America
ME19,2022,Nuevo Leon,ME,6620.8,7622.3,27.3462725977062,5537.88506378504,25.951222066840394,Mexico,North America
ME20,2022,Oaxaca,ME,3042.2,3619.6,22.65173241878777,2799.6978933695577,13.119734504067138,Mexico,North America
ME21,2022,Puebla,ME,3429.2,3850.2,25.770873449004807,2857.969830466417,13.392804089738888,Mexico,North America
ME22,2022,Queretaro,ME,5421.9,6105.3,29.85433029552948,4282.603572467038,20.06881599261196,Mexico,North America
ME23,2022,Quintana Roo,ME,5838.2,6373.6,26.66001372325408,4674.397365334678,21.90481071009143,Mexico,North America
ME24,2022,San Luis Potosi,ME,4224.3,4934.9,24.292492190730623,3736.0898028796346,17.507784112427878,Mexico,North America
ME25,2022,Sinaloa,ME,5212.5,6098.7,22.49035664004181,4727.08061959377,22.151691028973865,Mexico,North America
ME26,2022,Sonora,ME,5724.8,6638.3,25.805051451446094,4925.283269498655,23.080493436874022,Mexico,North America
ME27,2022,Tabasco,ME,3844.4,4415.0,23.36736259679594,3383.3309413514594,15.854711965548299,Mexico,North America
ME28,2022,Tamaulipas,ME,4973.4,5795.5,24.00537742309009,4404.268351444814,20.63895236427716,Mexico,North America
ME29,2022,Tlaxcala,ME,3238.8,3639.8,23.406759353336422,2787.840773057261,13.064170555239471,Mexico,North America
ME30,2022,Veracruz,ME,3358.0,4085.4,26.480011925328224,3003.585592802641,14.075177765121161,Mexico,North America
ME31,2022,Yucatan,ME,4017.1,4895.5,23.82986262080722,3728.909075398383,17.474134325312203,Mexico,North America
ME32,2022,Zacatecas,ME,3493.8,4067.6,23.45103714809189,3113.705612964214,14.5912139529984,Mexico,North America
NO02,2022,Innlandet,NO,34314.9,30558.4,22.98,23536.079680000003,110.29301318526579,Norway,Europe
NO06,2022,Trøndelag,NO,38961.4,31596.3,28.06,22730.378220000002,106.51739536958172,Norway,Europe
NO07,2022,Northern Norway,NO,35447.5,31699.1,26.17,23403.445529999997,109.67147296898254,Norway,Europe
NO08,2022,Oslo and Viken,NO,47855.1,33949.7,27.93,24467.548789999997,114.65799393939693,Norway,Europe
NO09,2022,Agder and Sør-Østlandet,NO,36030.5,30558.4,26.12,22576.54592,105.79651797101319,Norway,Europe
NO0A,2022,Western Norway,NO,42247.3,32322.1,24.4,24435.5076,114.5078449154648,Norway,Europe
PT11,2022,North,PT,23956.3,23978.8,10.4,21485.0048,100.68141975681391,Portugal,Europe
PT15,2022,Algarve,PT,31296.4,32973.6,11.3,29247.583199999997,137.05783305347637,Portugal,Europe
PT20,2022,Autonomous Region of the Azores,PT,26243.8,26621.4,9.1,24198.852600000002,113.39884998554284,Portugal,Europe
PT30,2022,Autonomous Region of Madeira,PT,26341.3,26620.3,10.3,23878.4091,111.89721166466879,Portugal,Europe
SI03,2022,Eastern Slovenia,SI,28008.7,25799.5,23.6,19710.818,92.36735850336711,Slovenia,Europe
SI04,2022,Western Slovenia,SI,30180.6,26390.8,26.5,19397.237999999998,90.89788340195398,Slovenia,Europe
SK01,2022,Bratislava Region,SK,37013.5,30269.3,14.62,25843.92834,121.10788066310133,Slovakia,Europe
SK02,2022,West Slovakia,SK,20479.8,18906.9,13.55,16345.015050000002,76.59478489762735,Slovakia,Europe
SK03,2022,Central Slovakia,SK,21174.8,20049.1,12.88,17466.775919999996,81.85149664009985,Slovakia,Europe
SK04,2022,East Slovakia,SK,17418.4,17998.3,14.0,15478.537999999999,72.53436506561985,Slovakia,Europe
